{
"num_levels": 2,
"num_layers": 5,
"num_rows": 5,
"num_columns": 5,
"min_value": -2.0,
"max_value": 10.0,
"min_intensity": 2.82842712475,
"max_intensity": 7.07106781187,

"E0": {
"values": [
-2.00e+00,-1.00e+00,0.00e+00,1.00e+00,2.00e+00,
-2.00e+00,-1.00e+00,0.00e+00,1.00e+00,2.00e+00,
-2.00e+00,-1.00e+00,0.00e+00,1.00e+00,2.00e+00,
-2.00e+00,-1.00e+00,0.00e+00,1.00e+00,2.00e+00,
-2.00e+00,-1.00e+00,0.00e+00,1.00e+00,2.00e+00,
-2.00e+00,-1.00e+00,0.00e+00,1.00e+00,2.00e+00,
-2.00e+00,-1.00e+00,0.00e+00,1.00e+00,2.00e+00,
-2.00e+00,-1.00e+00,0.00e+00,1.00e+00,2.00e+00,
-2.00e+00,-1.00e+00,0.00e+00,1.00e+00,2.00e+00,
-2.00e+00,-1.00e+00,0.00e+00,1.00e+00,2.00e+00,
-2.00e+00,-1.00e+00,0.00e+00,1.00e+00,2.00e+00,
-2.00e+00,-1.00e+00,0.00e+00,1.00e+00,2.00e+00,
-2.00e+00,-1.00e+00,0.00e+00,1.00e+00,2.00e+00,
-2.00e+00,-1.00e+00,0.00e+00,1.00e+00,2.00e+00,
-2.00e+00,-1.00e+00,0.00e+00,1.00e+00,2.00e+00,
-2.00e+00,-1.00e+00,0.00e+00,1.00e+00,2.00e+00,
-2.00e+00,-1.00e+00,0.00e+00,1.00e+00,2.00e+00,
-2.00e+00,-1.00e+00,0.00e+00,1.00e+00,2.00e+00,
-2.00e+00,-1.00e+00,0.00e+00,1.00e+00,2.00e+00,
-2.00e+00,-1.00e+00,0.00e+00,1.00e+00,2.00e+00,
-2.00e+00,-1.00e+00,0.00e+00,1.00e+00,2.00e+00,
-2.00e+00,-1.00e+00,0.00e+00,1.00e+00,2.00e+00,
-2.00e+00,-1.00e+00,0.00e+00,1.00e+00,2.00e+00,
-2.00e+00,-1.00e+00,0.00e+00,1.00e+00,2.00e+00,
-2.00e+00,-1.00e+00,0.00e+00,1.00e+00,2.00e+00
],"colors": [
6.67e-01,3.33e-01,3.33e-01,
6.67e-01,3.33e-01,3.33e-01,
6.67e-01,3.33e-01,3.33e-01,
6.67e-01,3.33e-01,3.33e-01,
6.67e-01,3.33e-01,3.33e-01,
4.88e-01,5.12e-01,5.12e-01,
4.88e-01,5.12e-01,5.12e-01,
4.88e-01,5.12e-01,5.12e-01,
4.88e-01,5.12e-01,5.12e-01,
4.88e-01,5.12e-01,5.12e-01,
2.92e-01,7.08e-01,7.08e-01,
2.92e-01,7.08e-01,7.08e-01,
2.92e-01,7.08e-01,7.08e-01,
2.92e-01,7.08e-01,7.08e-01,
2.92e-01,7.08e-01,7.08e-01,
4.88e-01,5.12e-01,5.12e-01,
4.88e-01,5.12e-01,5.12e-01,
4.88e-01,5.12e-01,5.12e-01,
4.88e-01,5.12e-01,5.12e-01,
4.88e-01,5.12e-01,5.12e-01,
6.67e-01,3.33e-01,3.33e-01,
6.67e-01,3.33e-01,3.33e-01,
6.67e-01,3.33e-01,3.33e-01,
6.67e-01,3.33e-01,3.33e-01,
6.67e-01,3.33e-01,3.33e-01,
4.88e-01,5.12e-01,5.12e-01,
4.88e-01,5.12e-01,5.12e-01,
4.88e-01,5.12e-01,5.12e-01,
4.88e-01,5.12e-01,5.12e-01,
4.88e-01,5.12e-01,5.12e-01,
3.33e-01,6.67e-01,6.67e-01,
3.33e-01,6.67e-01,6.67e-01,
3.33e-01,6.67e-01,6.67e-01,
3.33e-01,6.67e-01,6.67e-01,
3.33e-01,6.67e-01,6.67e-01,
1.57e-01,8.43e-01,8.43e-01,
1.57e-01,8.43e-01,8.43e-01,
1.57e-01,8.43e-01,8.43e-01,
1.57e-01,8.43e-01,8.43e-01,
1.57e-01,8.43e-01,8.43e-01,
3.33e-01,6.67e-01,6.67e-01,
3.33e-01,6.67e-01,6.67e-01,
3.33e-01,6.67e-01,6.67e-01,
3.33e-01,6.67e-01,6.67e-01,
3.33e-01,6.67e-01,6.67e-01,
4.88e-01,5.12e-01,5.12e-01,
4.88e-01,5.12e-01,5.12e-01,
4.88e-01,5.12e-01,5.12e-01,
4.88e-01,5.12e-01,5.12e-01,
4.88e-01,5.12e-01,5.12e-01,
2.92e-01,7.08e-01,7.08e-01,
2.92e-01,7.08e-01,7.08e-01,
2.92e-01,7.08e-01,7.08e-01,
2.92e-01,7.08e-01,7.08e-01,
2.92e-01,7.08e-01,7.08e-01,
1.57e-01,8.43e-01,8.43e-01,
1.57e-01,8.43e-01,8.43e-01,
1.57e-01,8.43e-01,8.43e-01,
1.57e-01,8.43e-01,8.43e-01,
1.57e-01,8.43e-01,8.43e-01,
0.00e+00,1.00e+00,1.00e+00,
0.00e+00,1.00e+00,1.00e+00,
0.00e+00,1.00e+00,1.00e+00,
0.00e+00,1.00e+00,1.00e+00,
0.00e+00,1.00e+00,1.00e+00,
1.57e-01,8.43e-01,8.43e-01,
1.57e-01,8.43e-01,8.43e-01,
1.57e-01,8.43e-01,8.43e-01,
1.57e-01,8.43e-01,8.43e-01,
1.57e-01,8.43e-01,8.43e-01,
2.92e-01,7.08e-01,7.08e-01,
2.92e-01,7.08e-01,7.08e-01,
2.92e-01,7.08e-01,7.08e-01,
2.92e-01,7.08e-01,7.08e-01,
2.92e-01,7.08e-01,7.08e-01,
4.88e-01,5.12e-01,5.12e-01,
4.88e-01,5.12e-01,5.12e-01,
4.88e-01,5.12e-01,5.12e-01,
4.88e-01,5.12e-01,5.12e-01,
4.88e-01,5.12e-01,5.12e-01,
3.33e-01,6.67e-01,6.67e-01,
3.33e-01,6.67e-01,6.67e-01,
3.33e-01,6.67e-01,6.67e-01,
3.33e-01,6.67e-01,6.67e-01,
3.33e-01,6.67e-01,6.67e-01,
1.57e-01,8.43e-01,8.43e-01,
1.57e-01,8.43e-01,8.43e-01,
1.57e-01,8.43e-01,8.43e-01,
1.57e-01,8.43e-01,8.43e-01,
1.57e-01,8.43e-01,8.43e-01,
3.33e-01,6.67e-01,6.67e-01,
3.33e-01,6.67e-01,6.67e-01,
3.33e-01,6.67e-01,6.67e-01,
3.33e-01,6.67e-01,6.67e-01,
3.33e-01,6.67e-01,6.67e-01,
4.88e-01,5.12e-01,5.12e-01,
4.88e-01,5.12e-01,5.12e-01,
4.88e-01,5.12e-01,5.12e-01,
4.88e-01,5.12e-01,5.12e-01,
4.88e-01,5.12e-01,5.12e-01,
6.67e-01,3.33e-01,3.33e-01,
6.67e-01,3.33e-01,3.33e-01,
6.67e-01,3.33e-01,3.33e-01,
6.67e-01,3.33e-01,3.33e-01,
6.67e-01,3.33e-01,3.33e-01,
4.88e-01,5.12e-01,5.12e-01,
4.88e-01,5.12e-01,5.12e-01,
4.88e-01,5.12e-01,5.12e-01,
4.88e-01,5.12e-01,5.12e-01,
4.88e-01,5.12e-01,5.12e-01,
2.92e-01,7.08e-01,7.08e-01,
2.92e-01,7.08e-01,7.08e-01,
2.92e-01,7.08e-01,7.08e-01,
2.92e-01,7.08e-01,7.08e-01,
2.92e-01,7.08e-01,7.08e-01,
4.88e-01,5.12e-01,5.12e-01,
4.88e-01,5.12e-01,5.12e-01,
4.88e-01,5.12e-01,5.12e-01,
4.88e-01,5.12e-01,5.12e-01,
4.88e-01,5.12e-01,5.12e-01,
6.67e-01,3.33e-01,3.33e-01,
6.67e-01,3.33e-01,3.33e-01,
6.67e-01,3.33e-01,3.33e-01,
6.67e-01,3.33e-01,3.33e-01,
6.67e-01,3.33e-01,3.33e-01
]},
"E1": {
"values": [
-2.00e+00,-2.00e+00,-2.00e+00,-2.00e+00,-2.00e+00,
-1.00e+00,-1.00e+00,-1.00e+00,-1.00e+00,-1.00e+00,
0.00e+00,0.00e+00,0.00e+00,0.00e+00,0.00e+00,
1.00e+00,1.00e+00,1.00e+00,1.00e+00,1.00e+00,
2.00e+00,2.00e+00,2.00e+00,2.00e+00,2.00e+00,
0.00e+00,0.00e+00,0.00e+00,0.00e+00,0.00e+00,
1.00e+00,1.00e+00,1.00e+00,1.00e+00,1.00e+00,
2.00e+00,2.00e+00,2.00e+00,2.00e+00,2.00e+00,
3.00e+00,3.00e+00,3.00e+00,3.00e+00,3.00e+00,
4.00e+00,4.00e+00,4.00e+00,4.00e+00,4.00e+00,
2.00e+00,2.00e+00,2.00e+00,2.00e+00,2.00e+00,
3.00e+00,3.00e+00,3.00e+00,3.00e+00,3.00e+00,
4.00e+00,4.00e+00,4.00e+00,4.00e+00,4.00e+00,
5.00e+00,5.00e+00,5.00e+00,5.00e+00,5.00e+00,
6.00e+00,6.00e+00,6.00e+00,6.00e+00,6.00e+00,
4.00e+00,4.00e+00,4.00e+00,4.00e+00,4.00e+00,
5.00e+00,5.00e+00,5.00e+00,5.00e+00,5.00e+00,
6.00e+00,6.00e+00,6.00e+00,6.00e+00,6.00e+00,
7.00e+00,7.00e+00,7.00e+00,7.00e+00,7.00e+00,
8.00e+00,8.00e+00,8.00e+00,8.00e+00,8.00e+00,
6.00e+00,6.00e+00,6.00e+00,6.00e+00,6.00e+00,
7.00e+00,7.00e+00,7.00e+00,7.00e+00,7.00e+00,
8.00e+00,8.00e+00,8.00e+00,8.00e+00,8.00e+00,
9.00e+00,9.00e+00,9.00e+00,9.00e+00,9.00e+00,
1.00e+01,1.00e+01,1.00e+01,1.00e+01,1.00e+01
],